{
  "project_info": {
    "project_number": "899596450468",
    "project_id": "groupproject-95e86",
    "storage_bucket": "groupproject-95e86.appspot.com"
  },
  "client": [
    {
      "client_info": {
        "mobilesdk_app_id": "1:899596450468:android:6338e8d9b143695a014431",
        "android_client_info": {
          "package_name": "com.example.group_project"
        }
      },
      "oauth_client": [],
      "api_key": [
        {
          "current_key": "AIzaSyCx7I4jAC1x_RI07RDiAnqhU4f6b4xEI6E"
        }
      ],
      "services": {
        "appinvite_service": {
          "other_platform_oauth_client": []
        }
      }
    },
    {
      "client_info": {
        "mobilesdk_app_id": "1:899596450468:android:e7f28b7229c78c8f014431",
        "android_client_info": {
          "package_name": "com.example.landlordapp"
        }
      },
      "oauth_client": [],
      "api_key": [
        {
          "current_key": "AIzaSyCx7I4jAC1x_RI07RDiAnqhU4f6b4xEI6E"
        }
      ],
      "services": {
        "appinvite_service": {
          "other_platform_oauth_client": []
        }
      }
    },
    {
      "client_info": {
        "mobilesdk_app_id": "1:899596450468:android:fe6b6639c05d879f014431",
        "android_client_info": {
          "package_name": "com.example.renter_g02"
        }
      },
      "oauth_client": [],
      "api_key": [
        {
          "current_key": "AIzaSyCx7I4jAC1x_RI07RDiAnqhU4f6b4xEI6E"
        }
      ],
      "services": {
        "appinvite_service": {
          "other_platform_oauth_client": []
        }
      }
    }
  ],
  "configuration_version": "1"
}